<?xml version="1.0" encoding="UTF-8"?>
<project-private xmlns="http://www.netbeans.org/ns/project-private/1">
    <editor-bookmarks xmlns="http://www.netbeans.org/ns/editor-bookmarks/2" lastBookmarkId="0"/>
    <open-files xmlns="http://www.netbeans.org/ns/projectui-open-files/2">
        <group>
            <file>file:/home/abelabraham/DevWeb/wwwhosting/sextosemestre2024/003_SESSION_aplicacion.php</file>
            <file>file:/home/abelabraham/DevWeb/wwwhosting/sextosemestre2024/003_SESSION_verificador.php</file>
            <file>file:/home/abelabraham/DevWeb/wwwhosting/sextosemestre2024/003_SESSION_login.php</file>
        </group>
    </open-files>
</project-private>
